"Run/Debug","Run Ant Build","⌥⌘X Q","In Windows","org.eclipse.ant.ui.antShortcut.run"
"Window","Quick Switch Editor","⌘E","In Windows","org.eclipse.ui.window.openEditorDropDown"
"Navigate","Go To Previous Unread Task","⌥↑","In Tasks View","org.eclipse.mylyn.tasks.ui.command.goToPreviousUnread"
"Text Editing","Zoom Out","⌘-","Editing Text","org.eclipse.ui.edit.text.zoomOut"
"Run/Debug","Java Breakpoint Properties","⌥↩","In Breakpoints View","org.eclipse.jdt.debug.ui.breakpoint.properties"
"Source","Annotate Class File","⌘1","Browsing attached Java Source","org.eclipse.jdt.ui.edit.text.java.annotate.classFile"
"Source","Correct Indentation","⌘I","Editing Java Source","org.eclipse.jdt.ui.edit.text.java.indent"
"File","Refresh","F5","In Windows","org.eclipse.ui.file.refresh"
"Run/Debug","Debug Ant Build","⌃⌥⌘D Q","In Windows","org.eclipse.ant.ui.antShortcut.debug"
"Project Preference Management","Navigate","F3","Editing Project Configuration Preferences","org.eclipse.oomph.preferences.editor.commands.Navigate"
"Text Editing","Expand All","⌘Numpad_Multiply","Editing Text","org.eclipse.ui.edit.text.folding.expand_all"
"Window","Previous Editor","⇧⌘F6","In Windows","org.eclipse.ui.window.previousEditor"
"Run/Debug","Close Rendering","⌘W","In Memory View","org.eclipse.debug.ui.commands.closeRendering"
"Navigate","Backward History","⌘[","In Windows","org.eclipse.ui.navigate.backwardHistory"
"Run/Debug","Step Return","F7","Debugging","org.eclipse.debug.ui.commands.StepReturn"
"Run/Debug","Add Memory Block","⌥⌘M","In Memory View","org.eclipse.debug.ui.commands.addMemoryMonitor"
"Source","Quick Assist - Extract method","⌘2 M","Editing Java Source","org.eclipse.jdt.ui.correction.extractMethodInplace.assist"
"Oomph","Open Project Properties","⇧F9","Editing Java Source","org.eclipse.oomph.OpenProperties"
"Navigate","Show In Breadcrumb","⌥⌘B","Editing Java Source","org.eclipse.jdt.ui.edit.text.java.gotoBreadcrumb"
"Oomph","Open Project Properties","⇧F9","Editing Ant Buildfiles","org.eclipse.oomph.OpenProperties"
"Text Editing","Select Next Word","⌥⇧→","Editing Text","org.eclipse.ui.edit.text.select.wordNext"
"Text Editing","Delete Previous Word","⌥⌫","Editing Text","org.eclipse.ui.edit.text.deletePreviousWord"
"Window","Close Dialog","⌘W","In Dialogs","org.eclipse.ui.cocoa.closeDialog"
"Task Repositories","Mark Task Unread","⌥⇧U","In Tasks Editor","org.eclipse.mylyn.tasks.ui.command.markTaskUnread"
"Refactor - Java","Extract Method","⌥⌘M","In Windows","org.eclipse.jdt.ui.edit.text.java.extract.method"
"Refactor - Java","Inline","⌥⌘I","In Windows","org.eclipse.jdt.ui.edit.text.java.inline"
"Run/Debug","Debug JUnit Plug-in Test","⌃⌥⌘D P","In Windows","org.eclipse.pde.ui.junitWorkbenchShortcut.debug"
"Navigate","Open Manifest","⌥⇧⌘M","In Windows","org.eclipse.pde.ui.openManifest"
"Source","Toggle Comment","⇧⌘C","Editing Properties Files","org.eclipse.jdt.ui.edit.text.java.toggle.comment"
"Run/Debug","Debug OSGi Framework","⌃⌥⌘D O","In Windows","org.eclipse.pde.ui.EquinoxLaunchShortcut.debug"
"Navigate","Next Sub-Tab","⌥⇟","In Dialogs and Windows","org.eclipse.ui.navigate.nextSubTab"
"Source","Open Declaration","F3","Editing Ant Buildfiles","org.eclipse.ant.ui.open.declaration.command"
"Run/Debug","Terminate","⌘F2","Debugging","org.eclipse.debug.ui.commands.Terminate"
"Oomph","Open Project Properties","⇧F9","In Windows","org.eclipse.oomph.OpenProperties"
"Run/Debug","Debug JUnit Test","⌃⌥⌘D T","In Windows","org.eclipse.jdt.junit.junitShortcut.debug"
"Text Editing","Collapse All","⇧⌘Numpad_Divide","Editing Text","org.eclipse.ui.edit.text.folding.collapse_all"
"Navigate","Collapse All","⇧⌘Numpad_Divide","In Windows","org.eclipse.ui.navigate.collapseAll"
"Views","Show View (Task List)","⌥⌘Q K","In Windows","org.eclipse.ui.views.showView"
"Source","Format","⇧⌘F","Editing Ant Buildfiles","org.eclipse.jdt.ui.edit.text.java.format"
"Text Editing","Select Text Start","⇧↖","Editing Text","org.eclipse.ui.edit.text.select.textStart"
"Task Repositories","Mark Task Complete","⌥⇧C","In Tasks View","org.eclipse.mylyn.tasks.ui.command.markTaskComplete"
"Window","Switch to Editor","⇧⌘E","In Windows","org.eclipse.ui.window.switchToEditor"
"Run/Debug","Next Page of Memory","⇧⌘.","In Table Memory Rendering","org.eclipse.debug.ui.command.nextpage"
"Task Repositories","Mark Task Incomplete","⌥⇧I","In Tasks View","org.eclipse.mylyn.tasks.ui.command.markTaskIncomplete"
"Window","Show Context Menu","⇧F10","In Dialogs and Windows","org.eclipse.ui.window.showContextMenu"
"Spy","Layout Spy","⌥⇧⌘F9","In Dialogs and Windows","org.eclipse.tools.layout.spy.commands.layoutSpyCommand"
"Text Editing","Open Hyperlink","F3","in Generic Code Editor","org.eclipse.ui.edit.text.open.hyperlink"
"Edit","Find Previous","⇧⌘K","Editing Text","org.eclipse.ui.edit.findPrevious"
"Task Editor","Maximize Part","⇧⌘M","In Tasks Editor","org.eclipse.mylyn.tasks.ui.command.maximizePart"
"Source","Format","⇧⌘F","Editing Java Source","org.eclipse.jdt.ui.edit.text.java.format"
"Run/Debug","Run Eclipse Application","⌥⌘X E","In Windows","org.eclipse.pde.ui.runtimeWorkbenchShortcut.run"
"Text Editing","Zoom In","⌘=","Editing Text","org.eclipse.ui.edit.text.zoomIn"
"Navigate","Next","⌘.","In Windows","org.eclipse.ui.navigate.next"
"Text Editing","Previous Word","⌥←","Editing Text","org.eclipse.ui.edit.text.goto.wordPrevious"
"Navigate","Quick Outline","⌘O","PDE editor","org.eclipse.pde.ui.quickOutline"
"Oomph","Open Project Properties","⇧F9","Editing Properties Files","org.eclipse.oomph.OpenProperties"
"Navigate","Next Page","⌥F7","In Windows","org.eclipse.ui.part.nextPage"
"Edit","Paste","⌘V","In Dialogs and Windows","org.eclipse.ui.edit.paste"
"Run/Debug","Toggle Breakpoint","⇧⌘B","In Windows","org.eclipse.debug.ui.commands.ToggleBreakpoint"
"Source","Toggle Mark Occurrences","⌥⌘O","Editing Java Source","org.eclipse.jdt.ui.edit.text.java.toggleMarkOccurrences"
"Info Category","Global Command","⌘6","In Windows","org.eclipse.ui.examples.contributions.commands.globalCommand"
"Edit","Select Previous Element","⌃⇧↖","Editing Java Source","org.eclipse.jdt.ui.edit.text.java.select.previous"
"Run/Debug","Run OSGi Framework","⌥⌘X O","In Windows","org.eclipse.pde.ui.EquinoxLaunchShortcut.run"
"Search","Show Occurrences in File Quick Menu","⇧⌘U","In Windows","org.eclipse.jdt.ui.edit.text.java.search.occurrences.in.file.quickMenu"
"Text Editing","Select Text End","⇧↘","Editing Text","org.eclipse.ui.edit.text.select.textEnd"
"Run/Debug","Step Over","F6","Debugging","org.eclipse.debug.ui.commands.StepOver"
"File","Close All","⇧⌘W","In Windows","org.eclipse.ui.file.closeAll"
"Views","Show View","⌥⌘Q Q","In Windows","org.eclipse.ui.views.showView"
"Task Repositories","Open Selected Task","⌘↩","In Tasks View","org.eclipse.mylyn.tasks.ui.command.openSelectedTask"
"Views","Show View (ASTView)","⌥⌘Q A","In Windows","org.eclipse.ui.views.showView"
"Window","Previous Perspective","⇧⌘F8","In Windows","org.eclipse.ui.window.previousPerspective"
"Edit","Word Completion","⌃.","Editing Text","org.eclipse.ui.edit.text.hippieCompletion"
"Task Repositories","Mark Task Unread","⌥⇧U","In Tasks View","org.eclipse.mylyn.tasks.ui.command.markTaskUnread"
"Text Editing","Next Word","⌥→","Editing Text","org.eclipse.ui.edit.text.goto.wordNext"
"Source","Quick Assist - Assign to field","⌘2 F","Editing Java Source","org.eclipse.jdt.ui.correction.assignToField.assist"
"Navigate","Quick Outline","⌘O","Editing Java Source","org.eclipse.jdt.ui.edit.text.java.show.outline"
"Task Repositories","Quick Outline","⌘O","In Tasks Editor","org.eclipse.mylyn.task.ui.editor.QuickOutline"
"Run/Debug","Step Into Selection","⌥F5","Debugging","org.eclipse.jdt.debug.ui.commands.StepIntoSelection"
"Search","Declaration in Workspace","⌘G","In Windows","org.eclipse.jdt.ui.edit.text.java.search.declarations.in.workspace"
"Edit","Select Next Element","⌃⇧↘","Editing Java Source","org.eclipse.jdt.ui.edit.text.java.select.next"
"Run/Debug","Run Java Application","⌥⌘X J","In Windows","org.eclipse.jdt.debug.ui.localJavaShortcut.run"
"Views","Show View (Variables)","⌥⌘Q V","In Windows","org.eclipse.ui.views.showView"
"Window","Show Key Assist","⇧⌘L","In Dialogs and Windows","org.eclipse.ui.window.showKeyAssist"
"Text Editing","To Upper Case","⇧⌘X","Editing Text","org.eclipse.ui.edit.text.upperCase"
"Source","Add Block Comment","⌃⌘/","Editing Java Source","org.eclipse.jdt.ui.edit.text.java.add.block.comment"
"Navigate","Open Call Hierarchy","⌃⌥H","In Windows","org.eclipse.jdt.ui.edit.text.java.open.call.hierarchy"
"Window","Next View","⌘F7","In Windows","org.eclipse.ui.window.nextView"
"Source","Remove Block Comment","⇧⌘\","Editing Java Source","org.eclipse.jdt.ui.edit.text.java.remove.block.comment"
"Views","Show View (Search)","⌥⌘Q S","In Windows","org.eclipse.ui.views.showView"
"Refactor - Java","Change Method Signature","⌥⌘C","In Windows","org.eclipse.jdt.ui.edit.text.java.modify.method.parameters"
"Source","Add Import","⇧⌘M","Editing Java Source","org.eclipse.jdt.ui.edit.text.java.add.import"
"Text Editing","Insert Line Below Current Line","⇧↩","Editing Text","org.eclipse.ui.edit.text.smartEnter"
"Views","Show View (Type Hierarchy)","⌥⌘Q T","In Windows","org.eclipse.ui.views.showView"
"File","Properties","⌘I","In Windows","org.eclipse.ui.file.properties"
"Run/Debug","Debug","⌘F11","In Windows","org.eclipse.debug.ui.commands.DebugLast"
"Navigate","Open Task","⌥⌘F12","In Windows","org.eclipse.mylyn.tasks.ui.command.openTask"
"Oomph","Open Project Manifest","F9","Editing Properties Files","org.eclipse.oomph.OpenManifest"
"Window","Maximize Active View or Editor","⌃M","In Windows","org.eclipse.ui.window.maximizePart"
"Focused UI","Focus on Active Task","⌥⇧H","In Windows","org.eclipse.mylyn.context.ui.commands.toggle.focus.active.view"
"Navigate","Forward History","⌘]","In Windows","org.eclipse.ui.navigate.forwardHistory"
"Mail","Open Message Dialog","⌃3","In Windows","org.eclipse.equinox.p2.examples.rcp.sdknoautoupdates.openMessage"
"Window","Toggle Split Editor (Vertical)","⇧⌘[","In Windows","org.eclipse.ui.window.splitEditor"
"Source","Show Source Quick Menu","⌥⌘S","In Windows","org.eclipse.jdt.ui.edit.text.java.source.quickMenu"
"Navigate","Open Remote Task","⌥⇧⌘F12","In Windows","org.eclipse.mylyn.tasks.ui.command.openRemoteTask"
"Run/Debug","Run JUnit Test","⌥⌘X T","In Windows","org.eclipse.jdt.junit.junitShortcut.run"
"File","Close","⌘W","In Windows","org.eclipse.ui.file.close"
"Run/Debug","Resume","F8","Debugging","org.eclipse.debug.ui.commands.Resume"
"Run/Debug","Previous Page of Memory","⇧⌘,","In Table Memory Rendering","org.eclipse.debug.ui.command.prevpage"
"Run/Debug","EOF","⌃D","In I/O Console","org.eclipse.debug.ui.commands.eof"
"Views","Show View (Problems)","⌥⌘Q X","In Windows","org.eclipse.ui.views.showView"
"File","Print","⌘P","In Windows","org.eclipse.ui.file.print"
"Task Repositories","Mark Task Read","⌥⇧R","In Tasks View","org.eclipse.mylyn.tasks.ui.command.markTaskRead"
"Project","Build All","⌘B","In Windows","org.eclipse.ui.project.buildAll"
"Mail","Open Message Dialog","⌃3","In Windows","org.eclipse.equinox.p2.examples.rcp.cloud.openMessage"
"Views","Show View (Declaration)","⌥⌘Q D","In Windows","org.eclipse.ui.views.showView"
"Git","Paste Repository Path or URI","⌘V","In Git Repositories View","org.eclipse.egit.ui.RepositoriesViewPaste"
"Navigate","Go to Matching Bracket","⇧⌘P","Editing Java Source","org.eclipse.jdt.ui.edit.text.java.goto.matching.bracket"
"View","Zoom In","⌘+","In Windows","org.eclipse.gef.zoom_in"
"Mail","Open Mailbox","⌃2","In Windows","org.eclipse.equinox.p2.examples.rcp.cloud.open"
"Run/Debug","Go to Address","⌘G","In Table Memory Rendering","org.eclipse.debug.ui.command.gotoaddress"
"Text Editing","Text Start","↖","Editing Text","org.eclipse.ui.edit.text.goto.textStart"
"Text Editing","Move Lines Up","⌥↑","Editing Text","org.eclipse.ui.edit.text.moveLineUp"
"Text Editing","Copy Lines","⌥⌘↓","Editing Text","org.eclipse.ui.edit.text.copyLineDown"
"Mail","Open Mailbox","⌃2","In Windows","org.eclipse.equinox.p2.examples.rcp.sdkui.open"
"Text Editing","Text End","↘","Editing Text","org.eclipse.ui.edit.text.goto.textEnd"
"Oomph","Open Project Manifest","F9","Editing Java Source","org.eclipse.oomph.OpenManifest"
"Run/Debug","Toggle Memory Monitors Pane","⌘T","In Memory View","org.eclipse.debug.ui.commands.toggleMemoryMonitorsPane"
"Task Repositories","New Subtask","⇧Insert","In Tasks View","org.eclipse.mylyn.tasks.ui.command.new.subtask"
"File","New","⌘N","In Windows","org.eclipse.ui.newWizard"
"Source","Organize Imports","⇧⌘O","In Windows","org.eclipse.jdt.ui.edit.text.java.organize.imports"
"Task Repositories","Show Tooltip Description","F4","In Tasks View","org.eclipse.mylyn.tasks.ui.command.showToolTip"
"Edit","Select Enclosing Element","⌃⇧⇞","Editing Java Source","org.eclipse.jdt.ui.edit.text.java.select.enclosing"
"Navigate","Go to Next Member","⌃⌥↓","Editing Java Source","org.eclipse.jdt.ui.edit.text.java.goto.next.member"
"Task Repositories","Mark Task Read and Go To Next Unread Task","⌥⇧↓","In Tasks View","org.eclipse.mylyn.tasks.ui.command.markTaskReadGoToNextUnread"
"Edit","Toggle Insert Mode","⇧⌘Insert","Editing Text","org.eclipse.ui.edit.text.toggleInsertMode"
"Navigate","Go to Line","⌘L","Editing Text","org.eclipse.ui.edit.text.goto.line"
"Run/Debug","Next Memory Monitor","⌥⌘N","In Memory View","org.eclipse.debug.ui.commands.nextMemoryBlock"
"Navigate","Previous","⇧⌘.","In Windows","org.eclipse.ui.navigate.previous"
"Edit","Content Assist","⌃Space","In Dialogs and Windows","org.eclipse.ui.edit.text.contentAssist.proposals"
"Source","Toggle Ant Mark Occurrences","⌥⌘O","Editing Ant Buildfiles","org.eclipse.ant.ui.toggleMarkOccurrences"
"Text Editing","Insert Line Above Current Line","⇧⌘↩","Editing Text","org.eclipse.ui.edit.text.smartEnterInverse"
"Search","Open Search Dialog","⌃H","In Windows","org.eclipse.search.ui.openSearchDialog"
"Edit","Context Information","⌃⇧Space","In Dialogs and Windows","org.eclipse.ui.edit.text.contentAssist.contextInformation"
"Edit","Restore Last Selection","⌃⇧⇟","Editing Java Source","org.eclipse.jdt.ui.edit.text.java.select.last"
"Run/Debug","Debug Java Application","⌃⌥⌘D J","In Windows","org.eclipse.jdt.debug.ui.localJavaShortcut.debug"
"Spy","Plug-in Menu Spy","⌥⇧F2","In Dialogs and Windows","org.eclipse.pde.runtime.spy.commands.menuSpyCommand"
"Text Editing","Select Previous Word","⌥⇧←","Editing Text","org.eclipse.ui.edit.text.select.wordPrevious"
"Text Editing","Expand","⌘Numpad_Add","Editing Text","org.eclipse.ui.edit.text.folding.expand"
"Navigate","Previous Sub-Tab","⌥⇞","In Dialogs and Windows","org.eclipse.ui.navigate.previousSubTab"
"Run/Debug","Run","⇧⌘F11","In Windows","org.eclipse.debug.ui.commands.RunLast"
"Uncategorized","Refresh element","F5","DTree Editing","org.eclipse.sirius.tree.ui.command.refreshElement"
"Navigate","Forward History","⌥⌘→","In Windows","org.eclipse.ui.navigate.forwardHistory"
"Navigate","Show In...","⌥⌘W","In Windows","org.eclipse.ui.navigate.showInQuickMenu"
"Uncategorized","Refresh element","F5","DTable Editing","org.eclipse.sirius.table.ui.command.refreshElement"
"Task Repositories","New Local Task","Insert","In Tasks View","org.eclipse.mylyn.tasks.ui.command.new.local.task"
"Run/Debug","Debug Java Applet","⌃⌥⌘D A","In Windows","org.eclipse.jdt.debug.ui.javaAppletShortcut.debug"
"Task Repositories","Mark Task Read","⌥⇧R","In Tasks Editor","org.eclipse.mylyn.tasks.ui.command.markTaskRead"
"Mail","Open Message Dialog","⌃3","In Windows","org.eclipse.equinox.p2.examples.rcp.sdkui.openMessage"
"Run/Debug","Use Step Filters","⇧F5","In Windows","org.eclipse.debug.ui.commands.ToggleStepFilters"
"Navigate","Open Resource","⇧⌘R","In Windows","org.eclipse.ui.navigate.openResource"
"Run/Debug","New Rendering","⌘N","In Memory View","org.eclipse.debug.ui.commands.newRendering"
"Refactor - Java","Move - Refactoring ","⌥⌘V","In Windows","org.eclipse.jdt.ui.edit.text.java.move.element"
"Window","Show Contributing Plug-in","⌥⇧F3","In Dialogs and Windows","org.eclipse.ui.window.spy"
"View","Zoom Out","⌘-","In Windows","org.eclipse.gef.zoom_out"
"Navigate","Activate Task","⌘F9","In Windows","org.eclipse.mylyn.tasks.ui.command.activateTask"
"Navigate","Open from Clipboard","⇧⌘V","In Windows","org.eclipse.jdt.debug.ui.command.OpenFromClipboard"
"Text Editing","Select Line End","⇧⌘→","Editing Text","org.eclipse.ui.edit.text.select.lineEnd"
"Edit","Redo","⇧⌘Z","In Dialogs and Windows","org.eclipse.ui.edit.redo"
"Source","Surround With Quick Menu","⌥⌘Z","In Windows","org.eclipse.jdt.ui.edit.text.java.surround.with.quickMenu"
"Window","Quick Access","⌘3","In Windows","org.eclipse.ui.window.quickAccess"
"Oomph","Open Project Properties","⇧F9","Editing Text","org.eclipse.oomph.OpenProperties"
"Search","Find Text in Workspace","⌥⌘G","In Windows","org.eclipse.search.ui.performTextSearchWorkspace"
"Navigate","Previous Page","⌥⇧F7","In Windows","org.eclipse.ui.part.previousPage"
"Run/Debug","All Instances","⇧⌘N","In Windows","org.eclipse.jdt.debug.ui.commands.AllInstances"
"Navigate","Go to Previous Member","⌃⌥↑","Editing Java Source","org.eclipse.jdt.ui.edit.text.java.goto.previous.member"
"Edit","Toggle Word Wrap","⌥⌘Y","Editing Text","org.eclipse.ui.edit.text.toggleWordWrap"
"Run/Debug","Run to Line","⌘R","Debugging","org.eclipse.debug.ui.commands.RunToLine"
"Edit","Incremental Find","⌘J","Editing Text","org.eclipse.ui.edit.findIncremental"
"Git","Commit...","⌥⌘3","In Windows","org.eclipse.egit.ui.team.Commit"
"Window","Show View Menu","⌘F10","In Dialogs and Windows","org.eclipse.ui.window.showViewMenu"
"Run/Debug","Run Java Applet","⌥⌘X A","In Windows","org.eclipse.jdt.debug.ui.javaAppletShortcut.run"
"Edit","Duplicate","⇧⌘D","Diagram Editing","org.eclipse.gmf.runtime.diagram.ui.providers.duplicateNode"
"Source","Quick Assist - Assign to local variable","⌘2 L","Editing Java Source","org.eclipse.jdt.ui.correction.assignToLocal.assist"
"Text Editing","Toggle Folding","⌘Numpad_Divide","Editing Text","org.eclipse.ui.edit.text.folding.toggle"
"Task Repositories","Mark Task Read and Go To Previous Unread Task","⌥⇧↑","In Tasks View","org.eclipse.mylyn.tasks.ui.command.markTaskReadGoToPreviousUnread"
"Edit","Delete","⌦","In Windows","org.eclipse.ui.edit.delete"
"Window","Activate Editor","⌘F12","In Windows","org.eclipse.ui.window.activateEditor"
"Text Editing","Select Line Start","⇧⌘←","Editing Text","org.eclipse.ui.edit.text.select.lineStart"
"Oomph","Open Project Manifest","F9","Editing Ant Buildfiles","org.eclipse.oomph.OpenManifest"
"Edit","Undo","⌘Z","In Dialogs and Windows","org.eclipse.ui.edit.undo"
"File","Save All","⇧⌘S","In Windows","org.eclipse.ui.file.saveAll"
"Refactor - Java","Show Refactor Quick Menu","⌥⌘T","In Windows","org.eclipse.jdt.ui.edit.text.java.refactor.quickMenu"
"Focused UI","Make Less Interesting","⌥⇧⌘↓","In Windows","org.eclipse.mylyn.context.ui.commands.interest.decrement"
"Mail","Open Message Dialog","⌃3","In Windows","org.eclipse.equinox.p2.examples.rcp.sdkbundlevisibility.openMessage"
"Run/Debug","Debug Eclipse Application","⌃⌥⌘D E","In Windows","org.eclipse.pde.ui.runtimeWorkbenchShortcut.debug"
"Oomph","Open Project Properties","⇧F9","Editor Breadcrumb Navigation","org.eclipse.oomph.OpenProperties"
"Focused UI","Show Context Quick View","⌥⇧⌘→","In Windows","org.eclipse.mylyn.context.ui.commands.open.context.dialog"
"Edit","Find and Replace","⌘F","In Windows","org.eclipse.ui.edit.findReplace"
"Text Editing","Show Tooltip Description","F2","Editing Text","org.eclipse.ui.edit.text.showInformation"
"Run/Debug","Step Into","F5","Debugging","org.eclipse.debug.ui.commands.StepInto"
"Mail","Open Mailbox","⌃2","In Windows","org.eclipse.equinox.p2.examples.rcp.sdknoautoupdates.open"
"Views","Show View (Breakpoints)","⌥⌘Q B","In Windows","org.eclipse.ui.views.showView"
"Views","Show View (JavaElement View)","⌥⌘Q E","In Windows","org.eclipse.ui.views.showView"
"Manifest Editor Source","Format Source","⇧⌘F","PDE editor","org.eclipse.pde.ui.edit.text.format"
"Spy","Plug-in Selection Spy","⌥⇧F1","In Dialogs and Windows","org.eclipse.pde.runtime.spy.commands.spyCommand"
"Navigate","Open Type in Hierarchy","⇧⌘H","In Windows","org.eclipse.jdt.ui.navigate.open.type.in.hierarchy"
"Views","Show View (Outline)","⌥⌘Q O","In Windows","org.eclipse.ui.views.showView"
"File","Save","⌘S","In Windows","org.eclipse.ui.file.save"
"Edit","Toggle Block Selection","⌥⌘A","Editing Text","org.eclipse.ui.edit.text.toggleBlockSelectionMode"
"Project Configuration","Navigate","F3","Editing Project Configuration","org.eclipse.oomph.projectconfig.editor.commands.Navigate"
"Oomph","Open Project Manifest","F9","In Windows","org.eclipse.oomph.OpenManifest"
"Navigate","Open Structure","⌘F3","Editing Java Source","org.eclipse.jdt.ui.navigate.java.open.structure"
"Task Repositories","New Local Task","⌥N","In Tasks View","org.eclipse.mylyn.tasks.ui.command.new.local.task"
"Text Editing","Reset Structure","⇧⌘Numpad_Multiply","Editing Text","org.eclipse.ui.edit.text.folding.restore"
"Text Editing","Text End","⌘↘","Editing Text","org.eclipse.ui.edit.text.goto.textEnd"
"Navigate","Show In Breadcrumb","⌥⌘B","Editor Breadcrumb Navigation","org.eclipse.jdt.ui.edit.text.java.gotoBreadcrumb"
"Text Editing","Line Start","⌘←","Editing Text","org.eclipse.ui.edit.text.goto.lineStart"
"Navigate","Open Declaration","F3","In Windows","org.eclipse.jdt.ui.edit.text.java.open.editor"
"Window","Toggle Full Screen","⌃⌘F","In Windows","org.eclipse.ui.cocoa.fullscreenWindow"
"Edit","Cut","⌘X","In Dialogs and Windows","org.eclipse.ui.edit.cut"
"Uncategorized","Find References","⇧⌘G","in Generic Code Editor","org.eclipse.ui.genericeditor.findReferences"
"Mail","Open Message Dialog","⌃3","In Windows","org.eclipse.equinox.p2.examples.rcp.prestartupdate.openMessage"
"View","Zoom In","⌘=","In Windows","org.eclipse.gef.zoom_in"
"Views","Show View (Synchronize)","⌥⌘Q Y","In Windows","org.eclipse.ui.views.showView"
"Edit","Incremental Find Reverse","⇧⌘J","Editing Text","org.eclipse.ui.edit.findIncrementalReverse"
"Run/Debug","Execute","⌘U","In Windows","org.eclipse.jdt.debug.ui.commands.Execute"
"Mail","Open Mailbox","⌃2","In Windows","org.eclipse.equinox.p2.examples.rcp.sdkbundlevisibility.open"
"Text Editing","Text Start","⌘↖","Editing Text","org.eclipse.ui.edit.text.goto.textStart"
"Text Editing","Duplicate Lines","⌥⌘↑","Editing Text","org.eclipse.ui.edit.text.copyLineUp"
"Task Repositories","New Subtask","⌥⇧N","In Tasks View","org.eclipse.mylyn.tasks.ui.command.new.subtask"
"Text Editing","To Lower Case","⇧⌘Y","Editing Text","org.eclipse.ui.edit.text.lowerCase"
"Edit","Find Next","⌘K","Editing Text","org.eclipse.ui.edit.findNext"
"Source","Toggle Comment","⌘/","Editing Properties Files","org.eclipse.jdt.ui.edit.text.java.toggle.comment"
"Edit","Select All","⌘A","In Dialogs and Windows","org.eclipse.ui.edit.selectAll"
"Source","Add Javadoc Comment","⌥⌘J","In Windows","org.eclipse.jdt.ui.edit.text.java.add.javadoc.comment"
"Refactor - Java","Rename - Refactoring ","⌥⌘R","In Windows","org.eclipse.jdt.ui.edit.text.java.rename.element"
"Navigate","Quick Hierarchy","⌘T","Editing Java Source","org.eclipse.jdt.ui.edit.text.java.open.hierarchy"
"Window","Show System Menu","⇧⌘F10","In Windows","org.eclipse.ui.window.showSystemMenu"
"Navigate","Last Edit Location","⌃Q","In Windows","org.eclipse.ui.edit.text.gotoLastEditPosition"
"Oomph","Open Project Manifest","F9","Editor Breadcrumb Navigation","org.eclipse.oomph.OpenManifest"
"Uncategorized","Tree Editor Quick Outline Command","⌘O","DTree Editing","org.eclipse.sirius.tree.ui.quickoutline"
"File","New menu","⌥⌘N","In Windows","org.eclipse.ui.file.newQuickMenu"
"Source","Toggle Comment","⌘7","Editing Java Source","org.eclipse.jdt.ui.edit.text.java.toggle.comment"
"Navigate","Go To Next Unread Task","⌥↓","In Tasks View","org.eclipse.mylyn.tasks.ui.command.goToNextUnread"
"Run/Debug","Force Return","⌥⌘F","In Windows","org.eclipse.jdt.debug.ui.commands.ForceReturn"
"Task Repositories","Mark Task Complete","⌥⇧C","In Tasks Editor","org.eclipse.mylyn.tasks.ui.command.markTaskComplete"
"Window","Show Ruler Context Menu","⌘F10","Editing Text","org.eclipse.ui.edit.text.showRulerContextMenu"
"Window","Next Perspective","⌘F8","In Windows","org.eclipse.ui.window.nextPerspective"
"Project","Build Clean","⇧⌘F5","In Windows","org.eclipse.oomph.buildClean"
"Run/Debug","Run JUnit Plug-in Test","⌥⌘X P","In Windows","org.eclipse.pde.ui.junitWorkbenchShortcut.run"
"Uncategorized","Add Artifact to Target Platform","⌥⇧⌘A","In Windows","org.eclipse.pde.ui.searchTargetRepositories"
"Edit","Copy","⌘C","In Dialogs and Windows","org.eclipse.ui.edit.copy"
"Source","Quick Assist - Rename in file","⌘2 R","Editing Java Source","org.eclipse.jdt.ui.correction.renameInFile.assist"
"Navigate","Open Type","⇧⌘T","In Windows","org.eclipse.jdt.ui.navigate.open.type"
"Views","Show View (Error Log)","⌥⌘Q L","In Windows","org.eclipse.ui.views.showView"
"Text Editing","Delete Line","⌘D","Editing Text","org.eclipse.ui.edit.text.delete.line"
"Run/Debug","Display","⇧⌘D","In Dialogs and Windows","org.eclipse.jdt.debug.ui.commands.Display"
"Text Editing","Delete to End of Line","⇧⌘⌦","Editing Text","org.eclipse.ui.edit.text.delete.line.to.end"
"EMF Code Generation","Generate Code","⌥⇧G","In Windows","org.eclipse.emf.codegen.ecore.ui.Generate"
"Text Editing","Move Lines Down","⌥↓","Editing Text","org.eclipse.ui.edit.text.moveLineDown"
"File","Rename","F2","In Windows","org.eclipse.ui.edit.rename"
"Views","Show View (History)","⌥⌘Q Z","In Windows","org.eclipse.ui.views.showView"
"Search","References in Workspace","⇧⌘G","In Windows","org.eclipse.jdt.ui.edit.text.java.search.references.in.workspace"
"Oomph","Open Project Manifest","F9","Editing Text","org.eclipse.oomph.OpenManifest"
"Source","Toggle Comment","⌘7","Editing Properties Files","org.eclipse.jdt.ui.edit.text.java.toggle.comment"
"Refactor - Java","Extract Local Variable","⌥⌘L","In Windows","org.eclipse.jdt.ui.edit.text.java.extract.local.variable"
"Uncategorized","Table Editor Quick Outline Command","⌘O","DTable Editing","org.eclipse.sirius.table.ui.quickoutline"
"Navigate","Open Attached Javadoc","⇧F2","In Windows","org.eclipse.jdt.ui.edit.text.java.open.external.javadoc"
"Source","Toggle Comment","⌘/","Editing Java Source","org.eclipse.jdt.ui.edit.text.java.toggle.comment"
"File","Exit","⌃X","In Windows","org.eclipse.ui.file.exit"
"Task Editor","Submit Task","⌥⇧S","In Tasks Editor","org.eclipse.mylyn.tasks.ui.command.submitTask"
"Edit","Quick Fix","⌘1","In Dialogs and Windows","org.eclipse.jdt.ui.edit.text.java.correction.assist.proposals"
"Views","Show View (Console)","⌥⌘Q C","In Windows","org.eclipse.ui.views.showView"
"Text Editing","Toggle Overwrite","Insert","Editing Text","org.eclipse.ui.edit.text.toggleOverwrite"
"Task Repositories","Mark Task Incomplete","⌥⇧I","In Tasks Editor","org.eclipse.mylyn.tasks.ui.command.markTaskIncomplete"
"Text Editing","Delete Next Word","⌥⌦","Editing Text","org.eclipse.ui.edit.text.deleteNextWord"
"Views","Show View (Cheat Sheets)","⌥⌘Q H","In Windows","org.eclipse.ui.views.showView"
"Navigate","Open Plug-in Artifact","⇧⌘A","In Windows","org.eclipse.pde.ui.openPluginArtifact"
"Navigate","Expand All","⇧⌘Numpad_Multiply","In Windows","org.eclipse.ui.navigate.expandAll"
"Text Editing","Collapse","⌘Numpad_Subtract","Editing Text","org.eclipse.ui.edit.text.folding.collapse"
"Source","Toggle Comment","⇧⌘C","Editing Java Source","org.eclipse.jdt.ui.edit.text.java.toggle.comment"
"Navigate","Deactivate Task","⇧⌘F9","In Windows","org.eclipse.mylyn.tasks.ui.command.deactivateAllTasks"
"Text Editing","Zoom In","⌘+","Editing Text","org.eclipse.ui.edit.text.zoomIn"
"Text Editing","Line End","⌘→","Editing Text","org.eclipse.ui.edit.text.goto.lineEnd"
"Source","Rename In File","⌥⌘R","Editing Ant Buildfiles","org.eclipse.ant.ui.renameInFile"
"Edit","Quick Diff Toggle","⌃⇧Q","Editing Text","org.eclipse.quickdiff.toggle"
"Git","Copy Path to Clipboard","⌘C","In Git Repositories View","org.eclipse.egit.ui.RepositoriesViewCopyPath"
"Run/Debug","Inspect","⇧⌘I","In Dialogs and Windows","org.eclipse.jdt.debug.ui.commands.Inspect"
"Window","Toggle Split Editor (Horizontal)","⇧⌘-","In Windows","org.eclipse.ui.window.splitEditor"
"Uncategorized","Copy Commit Id","⌘C","In Git Reflog View","org.eclipse.egit.ui.internal.reflog.CopyCommand"
"Views","Show View (Package Explorer)","⌥⌘Q P","In Windows","org.eclipse.ui.views.showView"
"Window","Next Editor","⌘F6","In Windows","org.eclipse.ui.window.nextEditor"
"Focused UI","Make Landmark","⌥⇧⌘↑","In Windows","org.eclipse.mylyn.context.ui.commands.interest.increment"
"Navigate","Open Type Hierarchy","F4","In Windows","org.eclipse.jdt.ui.edit.text.java.open.type.hierarchy"
"Views","Show View (Javadoc)","⌥⌘Q J","In Windows","org.eclipse.ui.views.showView"
"File","Properties","⌥↩","In Windows","org.eclipse.ui.file.properties"
"Source","Remove Block Comment","⌃⌘\","Editing Java Source","org.eclipse.jdt.ui.edit.text.java.remove.block.comment"
"Mail","Open Mailbox","⌃2","In Windows","org.eclipse.equinox.p2.examples.rcp.prestartupdate.open"
"Source","Remove Occurrence Annotations","⌥⌘U","Editing Java Source","org.eclipse.jdt.ui.edit.text.remove.occurrence.annotations"
"Navigate","Backward History","⌥⌘←","In Windows","org.eclipse.ui.navigate.backwardHistory"
"Run/Debug","Skip All Breakpoints","⌥⌘B","In Windows","org.eclipse.debug.ui.commands.SkipAllBreakpoints"
"Source","Open External Documentation","⇧F2","Editing Ant Buildfiles","org.eclipse.ant.ui.openExternalDoc"
"Window","Previous View","⇧⌘F7","In Windows","org.eclipse.ui.window.previousView"
